{"type": "metrics", "dataset": "train", "precision": 0.7120500782472613, "recall": 0.3851851851851852, "f1_score": 0.49993132811427, "balanced_accuracy": 0.669915737773761}
{"type": "metrics", "dataset": "test", "precision": 0.650865998176846, "recall": 0.3746065057712487, "f1_score": 0.4755244755244755, "balanced_accuracy": 0.6602284614251408}
{"type": "cm_matrix", "dataset": "train", "true_0": {"predicted_0": 15492, "predicted_1": 736}, "true_1": {"predicted_0": 2905, "predicted_1": 1820}}
{"type": "cm_matrix", "dataset": "test", "true_0": {"predicted_0": 6690, "predicted_1": 383}, "true_1": {"predicted_0": 1192, "predicted_1": 714}}
